Sinhala Name,Common Name,1st week of January 2018,2nd week of January 2018,3rd week of January 2018,4th week of January 2018,1st week of February 2018,2nd week of February 2018,3rd week of February 2018,4th week of February 2018,1st week of March 2018,2nd week of March 2018,3rd week of March 2018,4th week of March 2018,1st week of April 2018,2nd week of April 2018,3rd week of April 2018,4th week of April 2018,1st week of May 2018,2nd week of May 2018,3rd week of May 2018,4th week of May 2018,1st week of June 2018,2nd week of June 2018,3rd week of June 2018,4th week of June 2018,1st week of July 2018,2nd week of July 2018,3rd week of July 2018,4th week of July 2018,1st week of August 2018,2nd week of August 2018,3rd week of August 2018,4th week of August 2018,1st week of September 2018,2nd week of September 2018,3rd week of September 2018,4th week of September 2018,1st week of October 2018,2nd week of October 2018,3rd week of October 2018,4th week of October 2018,1st week of November 2018,2nd week of November 2018,3rd week of November 2018,4th week of November 2018,1st week of December 2018,2nd week of December 2018,3rd week of December 2018,4th week of December 2018,1st week of January 2019,2nd week of January 2019,3rd week of January 2019,4th week of January 2019,1st week of February 2019,2nd week of February 2019,3rd week of February 2019,4th week of February 2019,1st week of March 2019,2nd week of March 2019,3rd week of March 2019,4th week of March 2019,1st week of April 2019,2nd week of April 2019,3rd week of April 2019 ,4th week of April 2019 ,1st week of May 2019,2nd week of May 2019,3rd week of May 2019,4th week of May 2019,1st week of June 2019,2nd week of June 2019,3rd week of June 2019,4th week of June 2019,1st week of July 2019,2nd week of July 2019,3rd week of July 2019,4th week of July 2019,1st week of August 2019,2nd week of August 2019,3rd week of August 2019,4th week of August 2019,1st week of September 2019,2nd week of September 2019,3rd week of September 2019,4th week of September 2019,1st week of October 2019,2nd week of October 2019,3rd week of October 2019,4th week of October 2019,1st week of November 2019,2nd week of November 2019,3rd week of November 2019,4th week of November 2019,1st week of December 2019,2nd week of December 2019,3rd week of December 2019,4th week of December 2019,1st week of January 2020,2nd week of January 2020,3rd week of January 2020,4th week of January 2020,1st week of February 2020,2nd week of February 2020,3rd week of February 2020,4th week of February 2020,1st week of March 2020,2nd week of March 2020,3rd week of March 2020,4th week of March 2020,1st week of April 2020,2nd week of April 2020,3rd week of April 2020,4th week of April 2020,1st week of May 2020,2nd week of May 2020,3rd week of May 2020,4th week of May 2020,1st week of June 2020,2nd week of June 2020,3rd week of June 2020,4th week of June 2020,1st week of July 2020,2nd week of July 2020,3rd week of July 2020,4th week of July 2020,1st week of August 2020,2nd week of August 2020,3rd week of August 2020,4th week of August 2020,1st week of September 2020,2nd week of September 2020,3rd week of September 2020,4th week of September 2020,1st week of October 2020,2nd week of October 2020,3rd week of October 2020,4th week of October 2020,1st week of November 2020,2nd week of November 2020,3rd week of November 2020,4th week of November 2020,1st week of December 2020,2nd week of December 2020,3rd week of December 2020,4th week of December 2020,1st week of January 2021,2nd week of January 2021,3rd week of January 2021,4th week of January 2021,1st week of February 2021,2nd week of February 2021,3rd week of February 2021,4th week of February 2021,1st week of March 2021,2nd week of March 2021,3rd week of March 2021,4th week of March 2021,1st week of April 2021,2nd week of April 2021,3rd week of April 2021,4th week of April 2021,1st week of May 2021,2nd week of May 2021,3rd week of May 2021,4th week of May 2021,1st week of June 2021,2nd week of June 2021,3rd week of June 2021,4th week of June 2021,1st week of July 2021,2nd week of July 2021,3rd week of July 2021,4th week of July 2021,1st week of August 2021,2nd week of August 2021,3rd week of August 2021,4th week of August 2021,1st week of September 2021,2nd week of September 2021,3rd week of September 2021,4th week of September 2021,1st week of October 2021,2nd week of October 2021,3rd week of October 2021,4th week of October 2021,1st week of November 2021,2nd week of November 2021,3rd week of November 2021,4th week of November 2021,1st week of December 2021,2nd week of December 2021,3rd week of December 2021,4th week of December 2021,1st week of January 2022,2nd week of January 2022,3rd week of January 2022,4th week of January 2022,1st week of February 2022,2nd week of February 2022,3rd week of February 2022,4th week of February 2022,1st week of March 2022,2nd week of March 2022,3rd week of March 2022,4th week of March 2022,1st week of April 2022,2nd week of April 2022,3rd week of April 2022,4th week of April 2022,1st week of May 2022,2nd week of May 2022,3rd week of May 2022,4th week of May 2022,1st week of June 2022,2nd week of June 2022,3rd week of June 2022,4th week of June 2022,1st week of July 2022,2nd week of July 2022,3rd week of July 2022,4th week of July 2022,1st week of August 2022,2nd week of August 2022,3rd week of August 2022,4th week of August 2022,1st week of September 2022,2nd week of September 2022,3rd week of September 2022,4th week of September 2022,1st week of October 2022,2nd week of October 2022,3rd week of October 2022,4th week of October 2022,1st week of November 2022,2nd week of November 2022,3rd week of November 2022,4th week of November 2022,1st week of December 2022,2nd week of December 2022,3rd week of December 2022,4th week of December 2022,1st week of January 2023,2nd week of January 2023,3rd week of January 2023,4th week of January 2023,1st week of February 2023,2nd week of February 2023,3rd week of February 2023,4th week of February 2023,1st week of March 2023,2nd week of March 2023,3rd week of March 2023,4th week of March 2023,1st week of April 2023,2nd week of April 2023,3rd week of April 2023,4th week of April 2023,1st week of May 2023,2nd week of May 2023,3rd week of May 2023,4th week of May 2023,1st week of June 2023,2nd week of June 2023,3rd week of June 2023,4th week of June 2023,1st week of July 2023,2nd week of July 2023,3rd week of July 2023,4th week of July 2023,1st week of August 2023,2nd week of August 2023,3rd week of August 2023,4th week of August 2023,1st week of September 2023,2nd week of September 2023,3rd week of September 2023,4th week of September 2023,1st week of October 2023,2nd week of October 2023,3rd week of October 2023,4th week of October 2023,1st week of November 2023,2nd week of November 2023,3rd week of November 2023,4th week of November 2023,1st week of December 2023,2nd week of December 2023,3rd week of December 2023,4th week of December 2023,1st week of January 2024,2nd week of January 2024,3rd week of January 2024,4th week of January 2024,1st week of February 2024,2nd week of February 2024,3rd week of February 2024,4th week of February 2024,1st week of March 2024,2nd week of March 2024,3rd week of March 2024,4th week of March 2024,1st week of April 2024,2nd week of April 2024,3rd week of April 2024,4th week of April 2024,1st week of May 2024,2nd week of May 2024,3rd week of May 2024,4th week of May 2024,1st week of June 2024,2nd week of June 2024,3rd week of June 2024,4th week of June 2024,1st week of July 2024,2nd week of July 2024,3rd week of July 2024,4th week of July 2024,1st week of August 2024,2nd week of August 2024,3rd week of August 2024,4th week of August 2024,1st week of September 2024,2nd week of September 2024,3rd week of September 2024,4th week of September 2024,1st week of October 2024,2nd week of October 2024,3rd week of October 2024,4th week of October 2024,1st week of November 2024,2nd week of November 2024,3rd week of November 2024,4th week of November 2024,1st week of December 2024,2nd week of December 2024,3rd week of December 2024,4th week of December 2024,1st week of January 2025,2nd week of January 2025,3rd week of January 2025,4th week of January 2025,1st week of February 2025,2nd week of February 2025,3rd week of February 2025,4th week of February 2025,1st week of March 2025,2nd week of March 2025,3rd week of March 2025,4th week of March 2025,1st week of April 2025,2nd week of April 2025,3rd week of April 2025,4th week of April 2025,1st week of May 2025,2nd week of May 2025,3rd week of May 2025,4th week of May 2025
 කොප්පරා,Marlins,768,767,780,770,754,764,665,827.5,720,747,745,722,750,722,725,700,712,731,738,751,740,758,768,762,762,760,776,780,785,680,812,786.67,793.33,768,792.5,770,804,770,805,786.67,797.14,797.14,800,832.5,816,,,827.5,820,809.29,814,822.5,841.67,833.33,683.33,830,810,787.5,720,672,770,790,817.5,838.33,850,865,853.33,877.5,850,855,881.25,869,887,887.5,884,880,879,877.5,888,911,880,860,880,892,883,862,860,832,750,852.5,850,976.67,853.33,825,808.33,770,820,814,845,863.57,870,776.67,860,865,845.71,862.5,,,,,,,,,,,,,,,,,,,,880,866.67,897.14,874.17,882.86,835,913,886.67,885,875,,,600,,600,870,895.83,841.67,816.67,910.83,895,861.43,,,891.67,850,846.67,854.29,849.17,775,770,,,1071.43,981.25,992.86,,1035.71,1018.75,917.14,873.33,914.29,995,1007.14,991.43,1082.14,1110,1170,1145.83,1210,1175,1195,1200,1250,1290,1271.43,1354.17,1325,1400,1329.17,1425,1537.5,1630,1712.5,1710,1560,1683.33,1412.5,1480,1158,1292.86,1185,1135,1300,1483.33,1385,1466,1375,1420,1380,1470,,1415,1368.75,1625,1687.5,1950,1907.14,1941.67,1978.57,1891.67,1864.29,1925,2107.14,2062.5,2185.71,2400,2350,2475,2420.83,2650,2471.43,2242.86,2025,2108.33,2167.86,2192.86,2283.33,2421.43,2164.29,2014.29,1716.67,1778.57,2057.14,2242.86,2033.33,2071.43,1771.43,1721.43,1700,1871.43,1600,1333.33,1583.33,1585.71,1642.86,1585.21,1458.33,1950,1733.33,1800,2300,2107.14,2333.33,2700,2433.33,2785.71,2435.71,2592.86,2316.67,2585.71,2528.57,2475,2333.333333,2400,2228.57,2400,2442.86,2300,2371.43,2442.86,2153.57,2103.57,1778.57,1541.67,1685.71,1757.14,1657.14,1766.66,2014.29,1928.57,1785.71,2033.33,2383.33,2128.57,1892.86,2158.33,2085.71,1921.43,1964.29,2016.67,1878.57,1771.43,1621.43,1558.33,1771.43,1710,1707.14,1825,2057.14,2285.71,2278.57,2350,2533.33,2457.14,2258.33,2250,2321.43,2135.71,2191.67,2278.57,2185.71,1921.43,1933.33,2266.67,2225,2185.71,2375,2325,2014.29,1828.57,2133.33,2228.57,1921.43,2150,2183.33,2150,2042.86,2066.67,2241.67,2128.57,2225,2141.67,2235.71,2250,1741.67,1666.67,1582.14,1258.33,1417.86,1558.33,1492.86,1571.43,1700,2008.33,2120,2116.67,2042.86,2162.5,2080,2242.86
අලගොඩුවා,Frigate tuna(L),307,260,287,260,383,330,273,330,290,255,290,275,258,304,285,340,300,370,365,318,302,360,280,360,354,363,390,410,400,255,314,284,240,245,235,256,250,260,200,220,272.5,280,261.67,270,278.3333333,,,330,366.67,269.17,245,227.5,255,260,286.67,253.33,257.5,295,227.5,351.67,246.67,240,410,410,383.3,276,297.5,343.33,413.33,465,416.66,408,310,347.5,356.67,368,276.67,350,395,375,391.25,377,348,360,236.67,258.33,226,240,300,257.5,260,390,400,480,376.67,400,358,450,390,413.33,353,415,416.67,437.5,445,395,335,,,,,,,,,,,,,,,,,,,446.67,234.17,230,380,430,320,415,,390,345,,340,340,,340,,220,125,166.67,260,305,322,,,371.25,387.5,390,350,350,405,370,,,416.67,541.25,423.75,,475,493.33,464.17,406,387,358.33,380,424,558.33,516.67,420,425,355,307.5,337.5,333.33,375,438.33,310,340,406.67,383.33,323.33,415,,500,427.5,397.5,450,511.25,433.33,495,425,450,408.33,381.25,516.67,562.5,533.33,461.67,350,385,338.75,437.5,430,649,625,691.67,762.5,983.33,810,830,780,775,856.25,833.33,875,800,1016.67,1025,633.33,700,900,1066.67,690,481.33,823.33,800,712,702.5,640,650,566.25,612.5,481.25,758.33,825,800,762.5,737.5,637.5,745,887.5,755,575,675,625,710,640,550,616.67,940,750,712.5,875,900,990,1091.67,1075,1025,1166.67,1140,1100,980,915,950,900,771.43,662.5,558.33,750,806.25,691.67,650,650,610,533.33,460,566.67,500,616.67,583.33,825,720,945,743.75,850,732.14,660,591.67,775,514.29,712.5,500,575,550,603.57,483.33,600,630,766.67,810,666.67,810.71,712.5,812.5,1050,870.83,625,800,450,739.29,650,716.87,479.17,570,533.33,570,540,640,516.63,650,540,550,600,550,565,600,683.33,650,831.25,,700,660,733.33,680,683.33,840,675,533.33,387.5,466.67,650,700,825,900,650,862.5,1066.67,1000,840,800,1050,1110
ඇටවල්ලා,Kawakawa,362,313,296,300,395,320,325,350,328,300,327,290,300,305,300,368,227,390,383,357,365,395,353,395,400,400,442,438,430,370,452,390,280,300,288.33,303.33,258,250,266,265,300,310,300,306.67,307.5,,,350,280,290,265,295,320,355,300,350,332,333.33,306,364,325,390,350,433.33,350,352,415,350,450,560,516.66,426,400,410,428,436.67,365,380,445,380,408.33,402.5,350,375,325,310,300,315,350,374,390,465,500,500,410,466.67,400,440,405,437.5,466.67,400,425,476.67,425,470,400,,,,,,,,,,,,,,,,,,,398.33,300,315,341.67,425,410,423,375,345,325,,347,347,,347,,280,208.33,216.67,390,365,290,,,430,390,,350,411.67,417.5,410,,,505,516.67,476,,494.29,550,475,433.33,435.71,392.5,446.67,435,529.17,516,464.29,475,406,430,430,410,411.67,425,375,420,450,446,345,416,593.3,560,478,433.33,515,620,550,563.33,476.67,525,561,600,660,650,680,587.5,556.25,479.17,460.83,558.33,,691,700,683.33,816.67,918.75,860,990,916.67,930,1016.67,940,1016,1000,1080,1237.5,740,1010.71,1035.71,1033.33,725,720.83,920,862.5,780,757.14,700,730,671.43,641.67,593.75,870.83,878.57,966.67,725,891.67,778.57,945,1020,835.71,639.29,787.5,700,816.67,700,595.83,770.83,1075,875,900,962.5,1039.29,1178.57,1357.14,1225,1285.71,1278.57,1158.33,1233.33,1007.14,1005,1060,950,878.57,865,733.33,928.37,933.33,880,807.14,725,716.67,640,620,610,631,714.29,758.33,1028.57,855,1012.5,912.5,1033.33,807.14,791.67,725,841.67,758.33,825,650,750,616.67,675,640,721.43,760,1033.33,1060,978.57,970,1041.67,1016.67,1320,1064.29,725,931.25,566.67,865,790,767.86,678.57,678.57,681.25,737.5,716.67,789.29,775,800,628.57,637.5,775,700,678.57,750,770,787.5,941.67,750,881.25,760,741.67,748,883.33,885,687.5,640,495,578.57,787.5,850,1007.14,942.86,940,1150,1150,1125,1066.67,1100,1187.5,1283.33
ඇටිස්සා,Red Bream(L),660,615,650,600,700,594,650,587,626,574,573,610,600,­,575,600,620,645,625,593,700,760,704,658,690,725,790,700,700,703,665,750,641.67,620,602,605,575,553.33,560,500,554,564,650,600,578.3333333,,,587,665,613.33,655,700,650,628,583.33,605,535,550,540,586,572,600,665,600,675,712.5,675,705,750,765,676.66,766.67,730,712.5,700,713.33,700,600,650,680,780,743.33,733.33,700,612.5,600,600,565,437.5,581.25,637.5,633.33,687.5,665,685,625,680,725,675,700,630,720,683.33,685,621,680,655,,,,,,,,,,,,,,,,,,,800,676.67,775,740,733.33,720,726,725,713.33,726,,550,550,,550,612,606,595,600,616.67,625,626.67,,,740,630,632,612,568.75,558.57,512.5,,,816.67,720,710,,700,783.33,750,750,654.17,687.5,750,828.57,758.33,825,831.25,783.33,698,708.33,787.5,687.5,687.5,762.5,771.67,725,781.25,780,733.33,737.5,800,696,720,748.57,800,833.33,741.67,859.17,770,785.71,825,650,900,797.5,980,861,816.67,760.71,868.75,900,800,960,891.67,950,1200,1366.27,1575,1466.67,1590,1433.33,1530,1575,1750,1900,1780,2300,1860,1900,1400,1750,1333.33,1116.67,1560,1158.33,1350,1333.33,893.72,1083.33,975,1000,987.5,1130,1160,1475,1090,1380,1128.57,1314.29,1375,1233.33,1016.67,1000,1104.17,1214.29,1128.57,953.57,1190,1500,1025,1191.67,1483.33,1266.67,1556,1500,1475,1460,1621.43,1352.14,1450,1541.67,1483.33,1640,1366.666667,1300,1450,1508.33,1421.43,1620,1425,1442.86,1460,1166.67,1083.33,1016.67,991.67,914.29,1000,840,1383.33,1050,1400,1333.33,1400,1285.71,1107.14,1100,1160,1150,1271.43,1066.67,1214.29,1010,1150,966.67,1242.86,1270,1400,1362.5,1500,1433.33,1450,1275,1575,1560,1400,1700,1450,1400,1566.67,1385.71,1285.71,1244.29,1283,1320,1342.86,1385.71,1250,1340,1000,1214.29,1300,1228.57,1114.29,1080,1160,1316.67,1325,1015,1208.33,1214.29,1225,1210,1416.67,1483.33,1100,1120,1100,920,1191.67,1080,1107.14,1021.43,1120.83,1400,1304.17,1375,1321.43,1362.5,1504.17,1483.33
ඉස්සා (M),"Prawns (M) 3""",1100,1010,1000,1000,840,730,811,816.67,742,688,655,712,726,768,800,838,956,1020,1013,1083,1050,1069,1075,1125,1083,1050,1075,1260,1200,990,1020,1000,865,766,786.67,795,763,793.33,724,733.33,731.43,731.43,737.14,770,758.3333333,,,816.67,860,775.71,816,838.33,817.5,822.86,740,825.83,764.29,783.33,788.33,797.14,785.71,862.5,855,850,862.5,855,887.5,857.14,910,933.33,915,925,980,914.29,900,883.33,912.5,900,914.29,963.33,1078.57,1120,1160,1028.57,939.29,1037.5,1087.5,1190,1100,1062.5,1100,1083.33,1000,970,911.43,925,1010,1033.33,921.43,858.33,1030,1050,992.86,1037.5,1200,1040,937.5,,,,,,,,,,,,,,,,,,,1047.14,957.14,970,1137.5,1083.33,987.5,1033.33,1020,966.66,957.14,,889,889,,889,875,908.33,920,975,850,790,756,,,800,802.5,876,810,816.25,830,858.33,,,1108.33,1020.83,912.5,,929.17,883.33,771.43,826.43,800,804.17,757.14,750,817.86,821.67,750,778.57,785.71,841.67,950,954.17,991.67,950,941.67,946.43,945.83,985.71,992.86,950,925,964.29,910,864.29,900,933.33,953.57,957.14,933.33,860.71,939.29,957.14,1032.5,1100,1075,1054.17,1016.67,971.43,983.33,1012.5,1150,1046.43,1008.33,1150,1068.75,1214.29,1075,1166.67,1092.86,1091.67,1220,1225,1250,1328.57,1375,1650,1570,1550,1557.14,1633.33,1442.86,1433.33,1545.83,1425,1391.67,1300,1308.33,1521.43,1533.33,1385.71,1358.5,1442.86,1441.67,1480,1590,1510.71,1471.43,1435.71,1545.83,1557.14,1521.43,1342.86,1541.67,1342.86,1342.86,1371.43,1325,1325,875,1350,1212.5,1271.43,1271.43,1217.86,1333.33,1375,1396.43,1400,1354.17,1408.33,1475,1400,1416.666667,1378.57,1457.14,1471.43,1483.33,1433.33,1475,1528.57,1564.29,1390,1264.29,1308.33,1250,1266.67,1300,1300,1271,1285.71,1278.57,1391.67,1500,1364.29,1407.14,1475,1357.14,1485.71,1485.71,1541.67,1635.71,1514.29,1566.67,1670,1707.14,1642.86,1735.71,1683.33,1525.43,1528.57,1507.14,1550,1471.43,1564.29,1383.33,1464.29,1478.57,1539.29,1608.33,1428.57,1571.43,1557.14,1566.67,1671.43,1585.71,1535.71,1625,1608.33,1535.71,1550,1575,1578.57,1578.57,1575,1600,1700,1842.86,1800,1889.29,1742.86,1925,1810,1950,2003.57,1871.43,2000,2078.57,1885.71,1792.86,1870,1871.43,1771.43,1985.71,2050,2079.17,1832.14,1885.71,1750,1850,1766.67
කකුළුවා,Sea Crabs,400,400,425,412.5,435,435,450,450,425,450,450,450,450,460,800,450,550,530,525,450,500,450,550,475,450,508,492,498,508,400,500,525,486,475,562.5,450,450,450,475,390,450,450,450,450,435,,,450,467.5,439.17,509,560,491.67,516.67,500,587.5,570,576.67,560,582.86,600,600,525,565,573.3,590,595,586.67,595,580,615,582.5,575.71,550,556,572,600,610,590,600,550,550,600,600,600,600,600,625,600,450,550,520,510,,460,475,516.67,453.33,475,440,528.57,,,,,,,,,,,,,,,,,,,,,,,,,,,,,707.5,675,705,,,,,,,,,,,,,,,,,,,,,,,,,,,,,,,,,,,,,,,,,,,,,,,,,,,,,,,,,,,,,,,,,,,,,,,,,,,,,,,,,,,,,,,,,,,,,,,,,,,,,,,,,,,,,,,,,,,,,,,,,,,,,,,,,,,,,,,,,,,,,,,,,,,,,,,,,,,,,,,,,,,,,,,,,,,,,,,,,,,,,,,,,,,,,,,,,,,,,,,,,,,,,,,,,,,,,,,,,,,,,,,,
කකුළුවා(L),Sea Crabs(L),,,,,,,,,,,,,,,,,,,,,,,,,,,,,,,,,,,,,,,,,,,,,,,,,,,,,,,,,,,,,,,,,,,,,,,,,,,,,,,,,,,,,,,,,,,,,,510,,,,,,,,430,435.71,450,479.17,485,510.25,,,,,,,,,,,,,,,,,,,625,658.33,522.14,625,,,,650,646.66,660,,,,,,,,,412.5,,,600,,,500,650,600,583.33,616.67,600,,,,1110,866.67,795,,1170,826.67,1245,1114.29,1150,1050,1075,1000,1320,1287.5,816.67,950,725,1150,1466.67,,1012.5,,1200,1100,1266.67,1416.67,750,787.5,980,1112.5,1000,1414.29,1516.67,1125,1500,1400,1900,1500,1116.67,1100,1150,1500,1550,1650,2183.33,1700,1712.5,1350,1075,1850,1962.5,1550,2300,2020,1975,,1900,2262.5,2800,2500,,2500,2900,2550,2040,2175,2100,2400,2400,1633.33,2450,1760,2150,1950,1883.33,2192.86,2042.86,1683.33,1750,1854.14,1766.67,2450,1975,2057.14,2150,2060,2175,2214.29,2100,1583.33,2062.5,1871.43,2016.67,1771.43,1730,1870,1600,1942.26,1800,2020,2100,2100,2283.33,2071.43,2325,2233.33,2033.33,1716.67,2020,2262.5,2233.333333,2333.33,2150.33,2100,2157.14,2250,2225,2128.57,2125,2000,1733.33,1866.62,2091.67,1937.5,2083.33,1970,1970,2121.43,2200,2091.67,2166.67,2125,2200,2091.67,2208.33,1914.29,2085.71,1933.33,2066.67,2128.57,2100,2033.33,2107.14,2064.29,2100,2083.33,2080,2316.67,2312.5,2275,2140,2250,2250,2220,2007.14,2250,2240,2057.14,1950,2210,2058.33,2157.14,2275,2228.57,2230,1870,2040,1892.86,2060,1816.67,1837.5,1900,1933.33,2030,1925,2033.33,1758.33,1910,2040,1860,1814.29,1864.29,2050,1850,1987.5,1683.33,1790,1766.67,1850,1642.86,2000,2166.67,1942.86,1816.67,1950,1950,1914.29,1900
කටුවල්ලා,Katuwalla,215,200,284,232,220,242,260,130,250,193,250,233,250,250,280,­,300,293,300,­,300,300,360,300,300,­,­,­,­,­,­,180,170,140,150,170,180,130,125,115,143.33,220,140,150,190,,,130,140,230,350,262.5,165,180,210,250,257.5,246,207,230,286.67,265,200,340,230,266.67,,206.67,280,330,­,400,­,150,­,­,­,270,­,­,­,180,­,­,200,­,150,200,220,225,­,­,­,­,­,220,­,400,400,335,302.5,293,285,333.33,260,307,283.33,,,,,,,,,,,,,,,,,,,,,,,,,,,350,265,,300,300,,300,200,200,,97.5,,,300,,,337.5,305,293.33,310,293.33,265,275,,,250,325,317.5,,266.67,300,310,,307.25,350,312.5,336.67,,350,325,,350,285,266.67,,175,216.67,150,,250,290,258.36,325,250,312.5,225,283.33,383.33,225,,400,,366.67,357.5,400,391.67,356,480,400,366.67,350,325,325,350,433.33,325,500,600,490,650,550,500,550,725,,850,625,,800,533.33,616.67,450,533.33,400,,,600,533.33,554.17,375,366.67,300,380,,433.33,554.17,500,562.5,533.33,412.5,475,533.33,530,400,500,465,483.33,600,350,437.5,666.67,407.5,600,550,640,566.67,600,580,900,850,780,625,512.5,550,675, ,500,650,550,700,650,525,550,,350,500,475,,295,400,225,430,450,575,525,625,537.5,600,500,433.33,500,590,450,503.57,500,500,350,450,475,487.5,475,650,616.67,600,700,875,700,600,575,600,533.33,575,381.25,437.5,475,460,433.33,475,600,600,525,450,341.67,466.67,,466.67,462.5,350,366.67,533.33,483.33,566.67,396.25,562.5,483.33,400,575,500,475,391.67,325,475,512.5,400,410,375,500,525,608.33,600,600,683.33,633.33
කාරල්ලා,Pony fish,98,126,105,100,108,123,122,136.67,120,122,122,114,123,130,120,120,120,150,120,125,145,150,153,145,152,­,177,158,155,193,180,158,160,136.67,140,177.5,134,132,122.5,112.5,102.86,150,117.14,107.5,126,,,136.67,135,116,155,132.86,120,129.17,123.33,100,120,140,233.33,150,145,150,120,130,200,150,125,150,150,­,­,­,­,180,­,­,­,­,150,160,162.5,166.67,176.67,163.33,150,130,140,150,133.33,136.67,130,126.67,150,150,150,143.33,128.33,144,215,150,126,127.5,142.5,150,135,140,120,,,,,,,,,,,,,,,,,,,226.67,,,150,180,146.67,152.5,180,170,276.67,,,,,,366.6666667,370,350,387.5,,,160,,,146.67,150,140,97.5,100,100,100,,,151.43,256.25,335,,232.5,375,192,216,172.5,233,194,232.5,186.67,200,265,200,156.25,176,188.33,165,240,164,150,271.67,196.67,165,175,187.5,206.67,170,100,166,133.33,100,,238.75,,196,200,160,195,200,200,253.33,250,280,191.27,343.33,260,233.33,231.25,300,350,390,400,512.5,533.33,355,637.5,508.33,590,590,775,850,500,537.5,480,550,435,375,425,383.33,362.5,391.67,308.33,392.86,256,410,341.67,416.67,362.5,420,300,380,380,342.86,308.33,371.43,417.86,308.33,350,350,329.29,275,341.67,433.33,283.33,408.33,266.68,340,366.67,416.67,283.33,350,416.67,370.83,400,380,375,440,412.5,470,450,442.86,339.29,400,420,270.85,,220,325,235,200,258.33,250,207.5,292.86,305,275,329.17,365,292.86,266.67,225,218.75,310,339.29,250,329.17,278.33,257.14,283.33,315,260,250,370,306.25,366.67,350,350,366.67,375,276.25,312.5,230,300,300,341.67,365,270,305,340,283.33,329.17,291.67,337.5,175,275,250,279.17,193,300,225,233.33,212.5,250,229.17,230,256.25,216.67,218.75,250,225,200,210,245.83,216.67,200,212.5,240,262.5,300,216.67,325,237.5,350,275,250
කුම්බලා,Indian Mackerel,384,350,282,284,410,296,311,405,344,355,330,318,332,450,367,495,506,524,553,556,593,572,545,575,533,527,541,500,443,338,576,483.33,453.57,414,424.29,420.83,333,310.83,232,195,215,245.71,255.71,261,325,,,405,424.29,445.29,472,422.14,405.83,480,457.5,409.17,411.43,410.83,421.67,416.67,418.33,493.75,533.33,560,600,578.57,517.5,525.71,550,590,600,620.83,588.57,501.43,370,430,410,485,531.43,530.83,565.71,582.5,395,460,394.29,342.5,372.86,320,413.75,333.33,370,432.86,577.5,525,505,550,463,550,566,550,512.5,532.5,580.71,550,598.33,566.67,600,,,,,,,,,,,,,,,,,,,584.29,516.67,452.5,401.67,390,381.67,471,384,426.66,446,,288,288,,288,337.5,408.33,391.67,366.67,366.67,347.5,352,,,410,416,410,393.86,391.67,447.14,422.5,,,681.25,620.83,624.29,,575.83,550,530,532.14,606,619,504.29,510.71,503.57,566.67,485.71,427.86,435.71,400,492.79,416.43,442.5,451.43,343.57,436.43,429.17,375.71,350,438.33,430,441.67,334.29,390.71,443,465.71,518.33,518.5,470.83,467.14,458.33,503.53,620,626,690,635,560,589.29,581.25,595.83,718.75,753.57,695.83,835,1083.33,1142.86,1164.29,1180,1225,1070.83,1114.29,1100,1150,1078.57,1150,1375,1150,1235.71,1028.57,1150,891.62,728.57,789.29,662.5,689.29,605,530,567.86,539.29,521.43,555,653.57,750,800,650,837.5,757.14,878.57,925,807.14,664.29,745.83,837.5,800,657.14,614.29,725,921.43,792.86,891.67,1100,975,1121.43,1278.57,1260,1391.67,1307.14,1207.14,1200,1271.43,1058.33,1164.29,987.5,971.43,1014.29,857.14,950,1100,900,707.14,721.43,575,437.56,466.67,428.57,460.71,414.29,433.31,653.57,621.43,887.5,770.83,891.67,753.57,757.14,570.83,711.43,720.83,839.29,616.67,750,650,782.14,733.33,757.14,820,892.86,966.67,935.71,1064.29,940,887.5,1264.29,1100,1000,1007,907.14,1017.86,916.67,1000,814.29,767.66,800,885.71,778.57,741.67,758.33,733.33,687.5,564.29,691.67,714.29,685.71,714.29,658.33,712.5,792.86,720,975,790,850,725,850,937.5,800,900,691.67,666.67,900,758.33,714.29,739.29,839.29,980,1091.67,1108.33,1000,1075,1183.33,1400
කෙළවල්ලා,Yellowfin tuna,582,568,582,558,594,525,493,490,505,482,510,536,543,560,552,526,600,638,640,600,608,600,700,700,665,600,667,678,663,592,725,728,680,620,587.14,516.67,448,568,546,461.67,462.86,452.86,448.57,506,540,,,490,581.67,585.14,652,587.86,585,581.67,550,511.43,495.71,485,501.67,466.67,457.14,602.5,633.33,683.33,716.7,675,693.33,601.43,687.5,724,680,700,642,687.14,646,683.33,638.33,660,658.33,619.17,810,790,724.29,682.86,611.43,560,397.14,454,620,625,600,557.5,622,625,550.83,531.67,530,450,610,625,471.43,452,578.33,635,602.86,556,522,,,,,,,,,,,,,,,,,,,675,584,596,590,652.5,666.67,670,637.5,562.5,500,,392,392,,392,640,525,353.33,400,,,562.5,,,558.33,507.14,506,596,592.5,536,512,,,812.5,933.33,840,,842,850,651.67,637.5,618.75,570,587.5,611.43,677.14,687.5,681.25,581.25,585.26,540,680,750,762.5,705,700,800,775,889.17,712.86,745,875,931.25,937.5,783.33,750,856.25,851.67,766,840,950,762.5,750,987.5,1100,837.5,983.33,875,1050,856.25,1050,1050,1112.5,1115,1287.5,,1521.43,1555,1400,1600,1375,1366.67,1333.33,1560,1600,1700,1725,1840,1650,1566.67,1850,1500,1383.33,1666.67,1150,1200,1192.86,1058.33,1128.57,1016.67,1100,1008.33,1058.33,1092.86,1414.29,1100,1325,1033.33,1214.29,1216.67,1178.57,1028.57,1058.33,940,1200,1135.71,957.14,915,1121.67,1083.33,1207.14,1375,1371.43,1464.23,1742.86,1420,1742.86,1475,1566.67,1750,1533.33,1550,1457.14,1362.5,1280,1435.71,1350,1491.67,1316.67,1441.67,1358.33,1278.57,987.5,925,890,1078.57,1121.43,1183.33,1083.33,1150,995.83,1103.57,1320,1405,1291.67,1064.29,1058.33,1245.83,1166.67,1321.43,1041.67,1191.67,1010.71,864.29,930,1025,1220,1258.33,1075,1290,1442.86,1364.29,1350,1620,1516.67,1480,1183.33,1012.5,1216.67,1425,1416.67,1328.57,1175,1316.67,1185.71,1300,1478.52,1333.33,1310,1050,958.33,1216.67,1241.67,1189.29,1341.67,1358.33,1341.67,1385.71,1070,1316.67,1185.71,1035.71,1150,1421.43,1414.29,1004.17,1087.5,908.33,825,1035.71,1050,1004.17,1100,1200,1620,1616.67,1414.29,1571.43,1537.5,1639.29,1783.33
ගල්මාළු (පොඩි),Rock fish (S),,,,,,,,,,,,,,,,,,,,,,,,,,,,,,,,,,,,,,,,,,,,,,,,,,,,,,,,,,,,,,,,,,,,,,,,,,,,,,,,,,,,,,,,,,,,,,,,,,,,,,,,,,,,,,,,,,,,,,,,,,,,,,,,,,,,,,,,,,,,,,,,,,,,,,,,,,,,,,,,,,,,,250,487.5,487.5,550,575,612.5,691.67,700,533.33,575,450,550,600,600,600,556,700,587.5,525,650,525,518.25,450,775,556,550,700,,608.33,596.67,,516.67,550,400,600,675,737.5,675,600,568.75,575,633.33,,793.75,791.67,700,,1133.33,1575,900,1187.5,875,1233.33,1117.5,1200,1150,1566.67,1566.67,1066.67,1637.5,1250,1333.33,1016.67,833.33,1250,1000,933.33,925,716.67,1000,706.25,770.83,612.5,795,840,1080,825,1116.67,832.14,960,1116.67,960,800,833.33,887.5,908.33,816.67,700,900,1200,875,858.33,1200,980,1007.14,1120,1200,1262.5,1392.86,1180,1250,1120,1025,1100,1400,940,1300,1157.14,750,1166.67,1070,1064.29,1133.33,837.5,700,716.67,800,770,620,560,950,866.67,930,950,1091.67,916.67,750,716.67,1050,850,920,716.67,1033.33,771.43,800,766.67,800,812.5,900,950,960,1057.14,1125,950,1262,1120,966.67,,987.5,933.33,1033.33,1075,1000,787.5,770,814.29,880,957.14,1133.33,958.33,830,725,975,816.67,740,850,780,850,950,733.33,860,960,1012.5,818.75,925,1000,683.33,785,779.17,783.33,833.33,750,783.33,770,800,862.5,900,1000,933.33,1025,1170,1266.67
ගල්මාළු (ලොකු),Rock fish (L),525,550,550,650,650,517,513,450,500,500,450,450,450,450,480,550,550,­,,620,­,­,­,750,­,­,­,650,­,600,­,475,450,400,350,573.33,425,­,350,350,475,375,450,450,­,,,450,­,525,450,550,500,515.83,665,433.33,515,433.33,400,375,412.5,500,­,550,­,­,700,400,­,400,­,400,500,425,575,400,350,­,350,425,­,­,400,425,466.67,425,475,450,­,413.33,­,462.5,­,550,550,550,­,­,450,450,425,,337.5,387.5,575,450,,,,,,,,,,,,,,,,,,,,550,680,,600,,,475,,,750,,663,663,,663,683.3333333,708.33,666.67,575,0,0,0,,,,,,650,,,425,,,708.33,716.67,668.75,,685,560,616.67,566.67,656.29,650,812.5,666.67,790,815,716.67,600,662,710,787.5,750,633.33,630,700,662.5,768.75,766.67,800,790,850,900,637.5,750,816.67,,775,819,750,662.5,737.5,700,925,873.33,1200,891.67,800,795,793.75,850,900,950,1083.33,950,,1320,1750,1200,1600,1360,1475,1500,1800,1650,1825,2000,1712.5,1900,1575,1600,1140.67,1150,1533.33,1150,1150,1200,916.67,1128.57,914.29,1000,860,1075,1185.71,1500,1300,1300,1064.29,1314.29,1800,1183.33,971.43,1025,1150,1121.43,1100,864.29,1150,1460,1112.5,1064.29,1350,1280,1391.67,1416.67,1437.5,1570,1620,1400,1583.33,1458.33,1391.67,1450,1533.333333,1166.67,1450,1428,1250,1625,1357.14,1371.43,1290,1116.67,940,950,985.71,866.67,935.71,810,1200,1050,1258.33,1225,1225,1214.29,1107.14,975,1325,1041.67,1166.67,1025,1125,957.14,985.71,1070,1107.14,1100,1287.5,1180,1240,1385.71,1350,1200,1520,1442.86,1462.5,1466.67,1425,1225,1450,1441.67,1250,1066.67,1133.33,1028.57,1083.33,1233.33,1220,1275,983.33,1041.67,1275,1121.43,1080,1060,1200,1150,1320,980,1180,1260,1271.43,1130,1400,1375,1066.67,1040,1050,912.5,1250,1030,1021.43,1020,1200,1333.33,1242.86,1283.33,1214.29,1237.5,1430,1450
ගින්නටි පරව්,Ginnati Paraw,623,570,563,562,625,553,575,375,545,517,590,550,580,600,625,­,575,690,655,537,608,683,674,694,651,650,661,629,658,623,641,562,477.14,528,546.43,513.33,436,512,378,366.67,381.43,403.75,396,405,406.25,,,375,500,557.5,537.5,566.67,536.67,525,509,502.14,504,500,550,540,525,­,700,600,700,650,625,965,724,680,714,793.33,­,680,750,700,503.33,725,724.17,750,778.33,770,662.5,630,532.14,550,549,470,423.75,600,650,575,300,­,651.67,600,­,425,545,561,516.67,584,487.5,675,691.67,625,700,,,,,,,,,,,,,,,,,,,766.67,685.71,620,728.75,666.67,626,697,533.33,608.33,640,,400,400,,400,483.3333333,583.33,633.33,600,,500,626,,,683.33,556.43,500,470,458.33,516.67,528.33,,,591.67,758.33,706,,741.67,700,653.75,605,656.25,635,645.83,603.57,646.43,712.5,703,712.5,633.33,650,653,507.14,516.67,538.33,490,525,483.33,490,500,542.86,545,600,605,470,616.67,600,483.33,626,575.83,576.47,608.33,550,700,633.33,750,780,650,706.25,640,683.33,650,920.83,875,1100,1400,1362.5,1400,1075,1350,1316.62,1221.43,1166.67,1330,1216.67,1437.5,1533.33,950,1353.13,1075,1233.33,1216.62,695,886,760,900,696.43,612.5,675,650,770,693.75,900,1125,1075,775,1125,910,1066.62,1333.33,1116.67,1000,970,910,1066.67,950,850,950,1225,1100,1120,1450,1300,1350,1280,1412.5,1550,1471.43,1450,1587.5,1300,1337.5,1470,1433.333333,1183.33,1240,1375,1258.33,1278.57,1033.33,1366.67,1110,935.71,800,775,700,596,683.33,679.17,996.03,835,933.33,1120,1140,957.14,935.71,840,1100,920,1120,975,1033.33,860,900,920,971.43,1000,1400,1200,1200,1250,1233.33,1125,1533.33,1350,1287.5,1450,1150,1300,1200,1380,1114.29,1010,1100,1040,1020,1216.67,950,968.75,666.67,770.83,925,850,770,737.5,760,1000,1041.67,833.33,1025,1012.5,1025,933.33,1025,929.17,816.67,810,800,637.5,883.33,733.33,800,858.33,868.75,1200,1100,1200,1216.67,1200,1240,1375
ජීලාවා,Barracuda(L),535,567,514,515,560,500,524,557.5,500,489,450,450,467,484,450,457,550,600,620,618,700,650,650,­,650,1075,675,700,650,580,700,650,600,526.67,540,560,500,526.67,491.67,350,516.67,525,492,425,550,,,557.5,633.33,526.67,600,613.33,536.67,516,525,528.75,459,475,444,528.75,525,550,575,550,975,700,675,700,720,650,650,700,650,750,750,693.33,700,300,680,700,­,800,­,700,515.83,487.5,481.25,500,520,565,580,650,,750,580,700,630,630,650,700,634,610,650,675,630,593.75,583.33,,,,,,,,,,,,,,,,,,,550,616.67,650,636,,,,,720,540,,520,520,,520,350,300,325,350,,615,480,,,,615,560,666.67,516.67,600,550,,,750,681.25,720,,690,600,600,685.91,650,625,630,670,712.5,770,750,725,637.5,712.5,781.25,650,540,750,637.5,591.67,712.5,733.33,625,686.25,775,712.5,675,633.33,766.67,700,650,666,691.67,716.67,655,400,862.5,900,893.75,850,625,550,658.33,825,825,920,856.25,1033.33,1300,1300,1466.67,1200,1350,1220,1312.5,1500,1700,1533.33,1675,1610,1300,1583.33,1600,1333.33,1383.33,1033.33,1340,975,1133.33,1020,875,841.67,917.86,966.67,875,992.86,1116.67,1300,1025,1133.33,1050,1283.33,1266.5,1216.67,1085.71,950,1130,1050,1028.55,950,941.67,1400,1066.67,1166.66,1233.33,1340,1514.29,1550,1500,1660,1566.67,1566.67,1450,1500,1500,1460,1400,1283.33,1400,1420,1443.33,1500,1416.67,1400,1175,1140,975,850,914.29,807.14,1016.67,925,1216.07,1140,1291.67,1320,1371.43,1121.43,975,1066.67,875,1242.86,1187.5,1066.67,1058.53,978.57,1057.14,1060,1221.43,1160,1216.67,1250,1333.33,1428.57,1425,1412.5,1525,1450,1275,1500,1440,1260,1350,1280,1108.33,1108.33,1056,1100,1280,1350,1180,1250,1140,1133.33,1325,1264.29,1183.33,1066.67,1141.67,1241.67,1368.75,1040,1190,1157.14,1275,1100,1333.33,1200,1000,1162.5,1005,833.33,1237.5,1066.67,1014.29,1028.57,950,1120,1125,1290,1264.29,1266.67,1600,1550
තලපත්,Sail fish,603,607,635,620,638,623,607,620,597,598,598,592,593,603,575,575,588,603,592,600,610,650,608,743,760,663,593,623,595,740,632,586.67,611.43,606,610,585,592,613.33,596.67,600,625,620,620.83,621,620,,,620,662.5,622.86,621,628,642.5,614.17,637.5,692,668.33,682.5,625,583.33,713.75,720,675,708.33,712.5,728.33,700,750,700,748,768.75,712,715.71,725,716,736,703.57,718.75,724.29,754.17,700,700,700,704,718.33,731.67,729.29,711.67,­,685,733.33,700,720,750,628.86,681.67,671.43,651,663.33,665.71,673.57,670.83,671.67,657.14,665.71,664,660,,,,,,,,,,,,,,,,,,,720,700,722.14,680,663.57,840,735,750,673.33,723,,550,550,,550,700,775,733.33,750,712.5,772.5,711.43,,,730,720,741.67,730,733.33,666.67,653,,,890,950,900,,958.33,925,835.71,801.67,798.5,791.67,810.83,885.71,962.5,908.33,1030,978.57,1020,1035,1044,900,1100,1158.33,1135.71,1129.17,1168.75,1187.5,1064,1320,1362.5,1470,1600,1450,1380,1441.67,1262.5,1266,1025,1150,1075,1091.64,1116.67,1216.67,1191.67,1370.83,1200,1250,1216.67,1300,1310,1266.67,1200,1420,1475,1716.67,1739.29,1750,1721.43,1700,1592.86,1700,1691.67,1870,1932.14,2025,2214.29,2433.33,2108.33,2325,2191.67,2042.86,1762.5,1791.67,1760.71,1800,1940,2035.71,1842.86,1700,1550,1420,1608.33,1792.86,1533.33,1628.57,1528.57,1492.86,1466.67,1557.14,1435.71,1178.57,1340,1307.14,1328.57,1328.57,1266.67,1550,1582.14,1585.71,1962.5,1785.71,1857.14,2378.57,2000,2440,2164.29,2283.33,2091.67,2285.71,2092.86,1814.29,1912.5,1885.71,1990,1960.67,1985.71,1966.67,2142.86,2085.71,1721.43,1750,1592.86,1366.67,1500,1571.43,1457.14,1441.67,1608.33,1535.71,1625,1725,1933.33,1842.86,1585.71,1766.67,1753.57,1671.43,1778.57,1733.33,1692.86,1542.86,1414.28,1350,1535,1583.33,1533.33,1583.33,1683.33,1914.29,1841.67,1850,2083.33,2135.71,1983.3,1864.29,1842.86,1782.14,1733.33,1728.57,1707.14,1435.71,1550,1816.67,1950,1907.14,1950,2000,1678.57,1558.33,1666.67,1885.71,1657.14,1696.43,1766.67,1764.29,1716.67,1708.33,1814.29,1750,1940,1740,1857.14,1885.71,1578.57,1450,1442.86,1221.43,1270,1350,1492.86,1392.86,1450,1800,1807.14,1742.86,1733.33,1875,1862.5,1942.86
තිලාපියා,Tilapia (M),350,350,350,340,380,325,325,350,320,317,330,325,300,300,320,350,325,342,350,350,388,350,410,398,367,355,350,390,330,273,420,350,323.33,320,311.67,325,294,340,283.33,280,317.5,293.33,320,315,302.5,,,350,280,379,400,382.5,390,381.25,300,380,350,350,361.67,384.29,377.5,410,376.67,414,376.7,385,403.33,363.33,383.33,362.5,360,383.33,376.67,339.29,322.5,300,293.33,346,326.67,346.67,335,376.66,352,362.5,340,315,310,330,310,356.67,310,320,320,347.5,402,374,317.5,450,450,376.67,394,379,350,475,360,366,350,,,,,,,,,,,,,,,,,,,398.33,400,380,333.33,430,395,426,406.67,381.66,390,,365,365,,365,,325,335,337.5,380,,,,,,350,350,350,380,,375,,,,320,398,,400,380,300,333.33,375,,350,415,450,,460,430,450,400,366.67,465,437.5,,416.67,425,450,465,383.33,350,475,420,485,,280,450,,,350,,,250,350,,,537.5,433.33,416.67,300,,,566.67,,,,800,600,,,600,,,450,500,500,500,700,500,,,500,,600,,,500,550,,400,,,600,550,600,,,400,450,,400,500,500,500,,500,,350,,400,,,425,520,700,650,716.67,600,,,,,,500,,550,,,400,,350,,350,350,350,,,425,425,, ,,,400,,,450,,,350,,400,400,,,525,,450,500,,,618.75,500,700,,500,512.5,,550,516.67,516.67,,510,,,,366.67,,400,400,416.67,500,400,375,483.33,,500,420,,,,483.33,500,,700,500,450,562.5,400,450,,,,550,,500,,650,,,600
තෝරා,Seer (Ni-L),1442,1300,1025,1060,1175,1229,1136,1483.33,1183,1158,1033,930,1041,1170,1025,1050,1175,1136,1180,1114,1336,1167,1305,1345,1444,1579,1564,1355,1517,1433,1620,1583.33,1221.43,1305,1235.71,1266.67,1067,1091,1040,1000,1096.43,1267.86,1333.33,1330,1383,,,1483.33,1770,1704.29,1620.83,1685.71,1391.67,1285.71,1220,1278.57,1150,1075,1083.33,1117.86,1053.57,1225,1300,1616.67,1556,1428.57,1483.33,1514.29,1460,1458,1516.66,1504.17,1507.14,1364.29,1295,1442.86,1414.29,1504.17,1540,1491.67,1430,1450,1442.86,1282.14,1171.43,1008.33,1157.14,1075,1190,1333.33,1412.5,1470,1435,1470,1530,1566.67,1564.29,1591.67,1585.71,1500,1121.43,1275,1328.57,1292.86,1142.86,1204.17,1108.33,,,,,,,,,,,,,,,,,,,1328.57,1207.14,1021.43,1140,1260,1275,1391,1216.67,1092.85,1158,,1468,1468,,1468,1231,1329,1418,1381,,1100,1000,,,983.33,,,,850,,,,,833.33,900,1000,,1041.67,1166.67,920,830,891.67,1008.33,1107.14,1125,1291.67,1250,1433.33,1275,1166.67,1260,1310.1,1170,1200,1130,1155,1150,1187.5,1333.33,1300,1275,1650,1360,1325,1150,1266.67,1100,1475,1121.67,1130,1183.33,1200,1100,1300,1500,1400,1466.67,1200,1275,1091.67,1142.86,1450,1320.6,1358.33,1500,1800,1891.67,1916.67,1850,2260,2175,2190,2068.75,2440,2437.5,2437.5,2550,2825,2400,2540,2366.66,2300,2025,2075,1800,1883.33,1860,1600,1692.86,1675,1610,1375,1700,2200,2325,1887.5,2483.33,2057.14,1720,1900,2250,1842.86,1600,1870,1666.67,1628.57,1514.29,1333.33,1850,1650,1521.43,1650,1650,1833.33,1800,1891.67,2266.67,2414.29,2700,2800,2666.67,2841.67,3066.67,2633.333333,2485.71,2225,1900,1800,2121.43,2121.13,2050,1908.33,1607.14,1200,1616.67,1480,1342.79,1542.86,1620,2014.29,2033.33,2200,2391.67,2528.57,2071.43,1814.29,1860,1740,1585.71,2150,1858.33,2180,1650,1642.86,1725,1685.71,1680,1966.67,1833.33,2000,2100,2085.71,2050,2860,2966.67,1775,1820,2460,2700,2675,2050,1800,1764.29,1966.67,2000,1921.43,1842.86,2216.67,2158.33,1785.71,1858.33,1966.67,1828.57,1578.57,1700,1850,1835.71,1966.67,1783.33,1870,1900,1960,1700,1978.57,2010,1366.67,1333.33,1450,1270,1525,1300,1571.43,1357.14,1420,1660,1800,2033.33,1842.86,1900,2500,2637.5
දැල්ලා(Peeli),Squids /Cuttle fish,880,700,780,790,740,794,800,766.67,825,805,843,950,810,845,824,863,990,800,845,784,839,826,857,896,750,788,865,831,806,745,846,824.17,650,650,620,754.17,753,799.17,765,737.5,785.71,792.86,800,710,779.1666667,,,766.67,787,600,600,792.14,750,753.57,660,670,656.29,750,660,667.86,703.57,731.25,766.67,783.33,787.5,850.63,787.5,762.5,800,900,900,865,896,900.83,870,855,837.5,700,907.14,925,895,943.75,850,875,840,795,806.25,787.5,­,840,816.67,783.33,875,855,716.67,825,746.67,760,767.86,751.67,682.14,680.83,707.14,741.67,657.14,655,604.17,,,,,,,,,,,,,,,,,,,771.43,721.43,790,683.33,760.71,737.5,736.43,775,737.85,725,,,445,,445,,475,475,450,700,650,675,,,681.43,757.14,692.5,685.71,633.33,725,675,,,900,893.75,942.86,,825,837.5,817.86,878.57,807.14,844.17,858.33,785.71,964.29,1000,975,980,1008.33,910,1000,925,956.25,962.5,1000,965,1085,1020,955,1015,1250,1041.25,1087.5,1035,1081.25,1025,1150,1075,1043.75,1190,1083.33,1075,1212.5,1212.5,1237.5,1207.14,1000,1058.3,1081.25,1103.57,1095.83,1114.27,1256.25,1162.5,1550,1528.57,1516.67,1491.67,1340,1250,1366.67,1241.67,1514.29,1375,1600,1666.67,1628.57,1635.71,1579.47,1515,1414.29,1325,1633.33,1400,1383.33,1433.33,1612.5,1625,1650,1740,1687.5,1552.14,1658.3,1572.86,1450,1414.29,1414.29,1454.14,1750,1600,1400,1375,1550,1464.29,1500,1471.43,1471.43,1750,1600,1485.71,887.5,1471.43,1664.29,1571,1608.33,1750,1696.43,1533.33,1483.33,1375,1560,1720,1780,1640,1775,1400,1875,1740,1516.67,1557.14,1650,1564.29,1450,1400,1485.71,1500,1620,1583.33,1442.86,1414.29,1671.43,1558.33,1478.57,1500,1542.86,1350,1500,1542.86,1628.57,1400,1560,1657.14,1591.67,1616.67,1585.71,1583.33,1564.29,1591.67,1528.57,1633.33,1585.71,1500,1716.67,1580,1691.67,1750,1650,1658.33,1650,1600,1528.57,1528.57,1733.33,1600,1557.14,1607.14,1533.33,1491.67,1442.86,1507.14,1420,1542.86,1625,1800,1450,1621.43,1928.57,1750,1632.14,1657.14,1750,1590,1525,1525,1528.57,1520,1700,1628.57,1766.67,1525,1685,1633.33,1750,1648.33,1716.67,1883.33,1800,1800,1757.14,1741.67
පරව් (ලොකු),Trevally (L),597,596,550,554,590,506,498,516.67,421,443,430,404,445,512,475,510,495,560,544,519,610,630,695,608,628,571,642,572,606,592,612.5,614,570,540,521.43,475,470,505.83,450,383.33,435,470,508.57,486,544,,,516.67,605,660.83,568,608.33,540,562.86,516,530,471.43,466.67,480,478.57,438.33,500,576.67,663.33,680,650,636.67,638,682.5,726,640,635,675,626,650,610,587.5,683.33,633.33,630,606,590,576.67,540,460,470,412.5,437.5,400,505,475,600,660,640,587.5,540,566.67,640,625,632.5,476.43,550,545,606,591,510,490,,,,,,,,,,,,,,,,,,,720,690,559.17,623.33,587.5,630,626,650,605,950,,498,498,,498,666.6666667,708.33,658.33,687.5,586.67,586.67,560,,,606.25,550,550,575,473.33,500,440,,,600,691.67,683.33,,687.5,800,637.5,510,650,590,618.57,633.33,646.43,700,616.67,716.67,639.29,665,704.17,550,700,716.67,656.25,733.33,771.67,812.5,706.25,858.35,887.5,750,760,743.75,875,820,1006,822.14,752.5,775,750,770.83,983.33,833.33,995,960,804.17,759.17,729.17,790,1033.33,942.86,845,1006.67,1466.67,1228.57,1470,1150,1362.5,1300,1380,1390,1460,1442.86,1628.75,1987.5,1560,1750,1600,1580,1400,1362.5,1560,1175,960,1280,900,1082.14,1050,1133.33,970,1166.67,1250,1360,1250,1400,1071.43,1183.33,1250,1200,1010.71,916.67,1120,1171.43,1014.29,966.67,975,1430,1033.33,1242.26,1225,1250,1414.29,1478.57,1380,1520,1417.86,1442.86,1350,1380,1308.33,1390,1360,1379.17,1220,1183.33,1475,1325,1242.86,1271.43,1262.5,1040,950,975,832.14,878.57,1033.33,975,1235.77,1116.67,1321.43,1340,1328.57,1157.14,1035.71,1060,1135.71,1057.14,1214.29,1100,1067.86,960,1057.14,980,1042.86,1120,1100,1050,1214.29,1350,1175,1250,1437.5,1440,1233.33,1441.67,1260,1175,1260,1173.41,1200,914.29,995.83,1128.57,1120,1171.43,1180,1275,978.57,1007.14,1200,1230,983.33,1200,1050,1257.14,1300,1080,1280,1164.29,1080,1200,1240,1350,1010,1060,1100,878.57,1150,1000,1000,950,992.86,1200,1307.14,1312.5,1242.86,1225,1414.29,1492.86
බලයා,Skipjack tuna,320,299,312,290,352,311,280,326.67,280,257,270,266,239,293,355,369,353,442,400,377,403,400,386,358,344,353,416,382,326,344,392,336.67,266.67,255,257.86,271.67,232,215.83,334,276.67,275,373.33,292.86,314,321.67,,,326.67,375.71,280.83,273.75,280.83,271.67,301.43,305,365,331.43,289.17,248.33,276.43,243.57,326.67,370,384,450,385.83,305,360.83,417.5,480,464.16,415,404.17,352,354,414.17,384.29,366.67,416,362.86,365,420,335.83,360,380,338.33,320,302.5,390,355,360,345.83,436,461,401.67,387.5,344.29,340,438,415,338.57,273,315,307.86,260.74,309.17,308,,,,,,,,,,,,,,,,,,,372,307.86,405.71,381.67,406.43,388,408.57,410,382.15,340,,300,300,,300,333.3333333,333.33,268.33,262.5,320,,282.5,,,368.33,368.57,338.33,393.33,378.33,378.57,313.33,,,527.14,557.5,478.57,,475,455,461.43,382.86,449.29,389.17,387.86,385.71,491.43,481.67,410.71,387.14,413.33,388.33,409.29,360.71,375,358.57,357.14,375.71,462.5,456.67,328.57,408.52,437,466.67,472.14,392.14,451,513.33,480,569.29,525,584.29,466.43,445,575,618.33,593.57,585,516.67,532.14,481,528.57,665,650.71,621.43,715,1175,1150,1021.43,920.33,864.29,807.14,900,841.67,991.67,1008.57,1028.57,1141.67,866.67,935.71,928.57,860,650,596.43,736.43,650,666.67,660.71,512.5,675,575,610.71,520.83,671.43,783.33,825,712.5,771.43,632.14,621.43,637.5,721.43,582.14,597.86,620.83,728.57,689.29,636.43,704.17,850,816.67,821.43,1000,1021.43,1128.57,1264.29,1131.25,1333.33,1157.14,1100,1100,1032.14,864.29,935.71,925,907.14,729.17,854.17,921.43,928.57,830,770,703.57,721.43,596.43,637.5,660.71,600,664.29,641.67,914.29,750,728.57,883.33,950,600,595,590,632.14,585.71,639.29,541.67,525,492.86,514.29,525,635.71,633.33,779.17,695,828.52,957.14,960.71,1025,1157.14,1032.14,712.5,828.52,560.71,707.14,745.83,842.86,714.29,689.29,725,775,821.43,764.29,690,880,671.43,725,740,735.71,639.29,667.86,758.33,721.43,903.57,590,707.14,678.57,635.71,554.17,778.57,728.57,470.83,565,555,478.57,685.71,725,853.57,695.83,808.33,1120,1100,1046.43,992.86,1125,1216.67,1235.71
බෝල්ලා,Big eye scade,332,308,242,264,375,268,283,350,345,318,313,314,280,300,385,400,410,521,417,395,528,542,496,400,500,450,513,400,419,303,430,408.33,318.57,316,290,326.67,324,255.83,205,165,255,191.43,218,223.33,280,,,350,387.5,395,438,360,373.33,425.71,425,431,461.67,360,361,455,360,412.5,460,550,596.7,474.13,373.33,477.5,470,507.5,470,513,457.14,424,350,383.57,315.71,355,380,414.29,370.71,380,326,309.17,258.57,225,247.14,306.25,282,286,320,375,450,468,405,438,382.5,450,480,540,465,518.33,517,557.5,561.67,532,537.5,,,,,,,,,,,,,,,,,,,545,446,416.67,,382.86,346.67,392,380,337.14,314,,318,318,,318,,280,325,366.67,362.5,367.5,325,,,384,354.17,383.33,378.57,386.67,437.14,381.67,,,550,585,532.86,,550,462.5,503,520,470,466.67,458.35,450,430,425,387.14,415,346,327.5,392.86,361.67,411.67,391.67,295,338.57,380,375,331.67,376,390,418.57,340,335.71,431.67,438.57,446.67,472.5,401,412.86,447.58,475.71,586,580,635,617.86,533.33,500.83,462.5,529.17,,737.5,612.5,700,1000,975,1091.67,1060,1020,964.29,1050,950,980,950,1150,1316.67,900,1050,1010,1016.17,778.57,692.8,716.67,591.67,675,632,433.33,575,571.43,590,529.17,670,750,771.43,605,796.43,735.71,960,937.5,850,680,667.5,787.5,766.67,621.43,607.14,690,853.57,750,842.86,966.67,900,1166.67,1250,1191.62,1325,1228.57,1150,1225,1175,968.75,1120,700,887.5,790,910,850,766.67,700,550,500,415,363.33,391.34,371.43,355,414.29,416.67,632.24,537.5,782.14,775,767.86,650,633.33,608.33,585.71,614.29,765,650,703.57,564.29,671.43,660,678.57,725,925,920,858.14,920,925,733.33,1137.5,962.5,925,1033.33,840,975,775,910,700,662.5,700,750,666.67,785,700,637.5,616.67,550,662.5,710,650,590,600,650,741.67,675,795.83,745,,783.33,1000,1000,783.33,740,690,675,860,758.33,715,690,880,962.5,937.5,916.67,812.5,900,1120,1275
මෝරා,Sharks,553,560,550,552,583,571,550,550,550,550,550,550,550,550,500,570,560,575,583,573,588,577,600,590,555,617,603,603,600,536,600,588.33,537.14,490,542.86,526,522,521.67,510,500,511.43,500,513.33,545,540,,,550,582.5,535.71,545,558.33,552,541,616.67,597.14,580,600,600,600,616.67,600,­,550,600,600,650,650,700,600,625,600,650,665,626.67,636.67,610,612.5,587.5,600.83,633.33,625,591.67,613,550,600,576.67,576.25,­,578.75,643.33,600,­,650,556.67,626.67,­,600,600,­,633.33,590,706.67,650,600,700,,,,,,,,,,,,,,,,,,,,465,566.67,546,533.33,508.33,570,605,590,571.42,571.64,,626,626,,626,490,400,341.67,333.33,573.33,565,,,,631.67,635,500,600,650,607.5,540,,,737.5,,616.67,,470,700,600,,566.67,562.5,650,666.67,600,633.33,673.33,676.67,616.67,625,625,650,673,587.5,618.75,676.67,681.25,715,650,650,,750,650,600,725,500,,600,700,750,700,,,800,900,687.5,750,700,625,,,825,,,,1380,1275,1000,,1166.67,,900,800,,1400,1500,1221.67,1300,1300,1600,1300,1125,1116.67,825,915,960,800,762.5,766.67,790,716.67,895,1316.67,1110,875,1000,1007.14,1040,1020,957.14,900,,906.25,966.67,875,766.67,900,1300,1066.67,966.67,933.33,1040,1216.67,1237.33,1015,1400,1350,1125,1300,1200,1250,1400,1000,1083.33,1090,1125,1045.83,1200,1125,1125,900,850,850,800,785.71,1066.67,980,816.67,875,970,1103.33,1000,1000,914.29,980,860,933.33,941.67,900,808.33,930,814.29,900,912.5,1300,960,925,1366.67,1033.33,1025,1162.5,1100,1033.33,1100,1000,1028.57,1100,1010,1100,1000,1025,950,1100,900,1025,1020,1000,1060,1000,900,1000,835.71,900,937.5,990,975,991.67,1000,980,983.33,1100,1033.33,892.86,1150,987.5,900,925,925,1050,900,900,975,933.33,1100,1100,1066.67,1275,1000,1100,1200
ලින්නා,Indian Scad,278,258,220,246,314,219,216,247.5,170,163,193,171,141,181,347,310,268,336,273,290,428,397,318,277,316,367,363,341,328,342,344,285.83,274.29,291,254.29,352,223,205,128,116.25,209.29,190,222.14,212,220,,,247.5,276.43,228.57,234,209.29,217.5,219,227,218.57,245,274.13,217.5,232.14,220.71,363.33,335,446.25,483.3,331.67,278.75,310.83,466,473,361,466.67,355,280.71,296,416,241.43,355,371.67,277.86,330,343.33,284.29,325.71,193.57,195.83,236.43,252.5,286,245.83,243,282.86,354.17,,265,309,245.82,315,332.5,428.75,349.17,,,,,,,,,,,,,,,,,,,,,,,,,,,,,330.71,265,275,,,,,,,,,,,,,,,,,,,,,,,,,,,,,,,,,,,,,,,,,,,,,,,,,,,,,,,,,,,,,,,,,,,,,,,,,,,,,,,,,,,,,,,,,,,,,,,,,,,,,,,,,,,,,,,,,,,,,,,,,,,,,,,,,,,,,,,,,,,,,,,,,,,,,,,,,,,,,,,,,,,,,,,,,,,,,,,,,,,,,,,,,,,,,,,,,,,,,,,,,,,,,,,,,,,,,,,,,,,,,,,,
ලින්නා,Indian Scad(L),,,,,,,,,,,,,,,,,,,,,,,,,,,,,,,,,,,,,,,,,,,,,,,,,,,,,,,,,,,,,,,,,,,,,,,,,,,,,,,,,,,,,,,,,,,,,,336,,,,,,,,390,389.17,430,381,351.67,339,,,,,,,,,,,,,,,,,,,396.43,257.86,211.43,330,,,,311.67,352.85,342,,232,232,,232, ,341.67,308.33,325,257.14,322,319.29,,,355,287.14,279.17,255,260,280,272,,,422,517,401.43,,375,366.25,527.14,395,415.71,379.17,395.71,418.33,392.86,435,390.71,415.71,382.86,340.83,428.33,405,400.83,403.57,387.83,445,465.83,430.71,402.14,464.17,527.5,504.17,447.5,380.83,464.17,458.33,497.86,455.71,346.67,505,475.83,457,543,490,592.86,551.43,531.67,446.67,402.5,571,571,644.17,633.33,750,925,818.86,890.74,795.83,785.71,663.33,916.43,791.67,652.86,740,1015.71,1041.67,757.14,787.86,1071.43,1100,657.14,655.71,860.83,670,748.57,725,524,650,532.14,603.57,555.83,775,950,842.86,715,846.43,750,747.14,856.25,700,628.57,671.43,685,765,657.14,678.57,770.83,900,814.29,787.5,868.75,914.29,1000,1246.43,991.67,1107.14,1128.57,1164.29,970.83,957.14,764.29,771.43,670.8333333,746.43,565.71,464.29,685.71,735.71,528.57,510.71,457.14,446,415.71,401.67,478.57,454.29,493.57,471.67,702.14,675,702.86,733.33,821.43,521.43,579.17,470.83,525,534.29,689.29,565,621.43,575.71,623.57,679.17,621.43,715,837.5,858.33,685.71,803.57,721.43,818.75,1191.67,862.5,645.83,712.86,564.29,809.29,765,614.29,522.14,475,533.33,464.29,439.29,536.43,541.67,692.5,550,505,575,525,464.29,576.43,620.83,650,954.17,641.67,746.43,746.43,814.29,700,778.57,864.29,625,641.67,679.17,633.57,771.43,666.67,623.57,689.29,740.71,875,980,953.57,746.43,793.75,925,1117.86
ලින්නා,Indian Scad(S),,,,,,,,,,,,,,,,,,,,,,,,,,,,,,,,,,,,,,,,,,,,,,,,,,,,,,,,,,,,,,,,,,,,,,,,,,,,,,,,,,,,,,,,,,,,,,,,,,,,,,,,,,,,,,,,,,,,,,,,,,,,,,,,,,,,,,,,,,,,,,,,,,,,,,,,,,,,,,,,,,,,,364,310,361.67,326.67,330,360,341,365,315,353.33,326.25,274.17,400,377.5,335,,343.33,379.17,363.75,382,333.33,408.33,462,395.1,385.71,322.14,369,396,434,387.86,277.5,416,406,364.29,390,366,500,447.5,375,351.25,325,306.25,375,540,493.75,490,,718.33,799.29,712.5,712.5,580,755,672.5,550,612.5,975,931.25,670,743.33,1000,996.67,554.29,562.5,850,500,600,633.33,443.33,534.5,424.17,530,491,583.33,783.33,740,620,700,640,650,806.25,592.86,485.71,512.5,616,625,554.17,510.71,533.33,766.67,650,675.83,731.25,762.5,790,1050,880,1000,942.86,866.67,758.33,650,529.17,600,583.3333333,642.86,527,380,450,490,475,420.83,375,380,320,305,392.86,416.67,391.67,376.67,570,582.14,578.3,637.5,712.5,389.29,391.67,333.33,418.57,417.86,585,455,490,432.13,442.86,550,528.57,610,625,675,558.33,645.83,579.17,675,900,745,495,600,390,620.83,600,487.5,460,385,400,391.67,341.67,405,466.67,556.25,441.67,433.33,487.5,420,395,465,525,512.5,783.33,616.67,525,604.17,630,531.25,675,691.67,500,562.5,555,512.5,675,560,571.43,607.14,600,668.75,650,808.33,591.67,650,850,900
ලේන පරව්,Rainbow Runner,290,355,312,298,370,295,320,326.67,340,285,307,277,287,301,330,­,360,363,348,336,438,386,417,392,380,424,447,432,375,368,362.5,312.5,290,308,274.29,308,270,266,248,190,234,238.57,285.71,278.75,250,,,326.67,370,290,312.5,287.86,297,322,330,315.83,363,309.17,320,293.75,364,320,300,280,­,374.17,322.5,368.75,417.5,533.33,434,443.33,405,370,362.5,420,334.29,350,471.43,375.83,392.86,401.67,412.5,375,340,275.83,306.67,305,350,325.6,332,300,450,421.67,394.29,432,333.33,388.33,414.17,440,348,441.67,418.75,468.33,400,407.5,425,,,,,,,,,,,,,,,,,,,466.67,257.86,283.75,355,358,365,350.83,355,360,372,,270,270,,270,387.5,408.33,366.67,450,260,345,310,,,386.25,371.67,350,375,350,333.33,350,,,508.33,600,471.67,,358.33,450,562.5,432.5,443.33,394,385.71,447.5,453.57,448.33,442,452,372.5,385.83,421.67,443.33,387.17,482.5,418,458,489.17,503.33,405.83,494,562.5,485.71,457.5,379.29,462.5,457.5,471,488.75,400,504.17,487.5,405,500,500,560,450,546.67,415,401,495.83,633.33,612.5,680,825,937.5,825,905,937.5,857.14,790,987.5,770,746.43,815,1045,1108.33,842.86,858.33,1025,1020,775,633.33,798.33,754.17,710.71,666.67,510,667.14,566.67,535.71,495,664.27,735.77,735.71,690,821.43,735.71,715,783.33,721.43,657.14,678.57,700,714.29,678.57,660.71,670,850,764.29,691.67,933.33,957.14,1078.57,1280,981.25,1225,1042.86,916.67,1040,975,864.29,935.71,850,864.29,760.71,657.14,760.71,782.14,764.29,633.33,660,578.57,490.71,500,585.71,591.67,490.71,570.83,721.43,682.14,725,731.67,808.33,621.43,689.29,541.67,640,628.57,733.33,616.67,739.29,521.43,621.43,650,671.43,600,755,775,635.71,714.29,675,667.75,1030,750,600,689.23,500,682.14,716.67,639.29,542.86,528.57,550,583.33,537.5,600,566.67,641.67,635.71,521.43,583.33,532.14,425,550,566.67,571.43,817.86,608.33,691.67,710.71,514.29,512.5,708.33,716.67,585.71,583.33,558.33,495.83,700,570,558.33,635.71,700,705,737.5,885,740,787.5,920,875
සාලයා (මට්ට),Sardinella,140,135,134,122,132,120,135,133.33,125,130,125,137,106,128,130,157,162,136,142,150,216,188,203,214,195,199,239,233,248,143,231,221.67,185.71,189,187.86,165,145,140,127,117.5,104.29,127.86,131.43,116,141.6666667,,,133.33,138.33,135,126,128.57,135,132,144,150,138.57,120,133.33,150,133.57,175,176.67,194.17,205,184.29,185,172.86,226,252.5,282,300,235,221.43,218,218.57,194.29,218.33,251.43,270,262.14,252,216,196.43,148,172,176,162,160,187.5,255,230,233.33,250,203.33,210,200,245,195,202.5,170,198.33,200,265,194.29,195,168.33,,,,,,,,,,,,,,,,,,,294,245.71,185,195,169.29,185,187.14,242,203.33,203.33,,211,211,,211,260,300,291.67,275,157.5,180,210,,,153.57,151.67,160,160.83,150.83,142,138.33,,,154.29,210,195,,187.14,182.5,182.14,180,226.67,269.17,225.83,159.29,175,322,275.71,237.86,185,225.83,201.43,139.29,167,148.33,126,160.71,186,207.5,202.86,261.43,237,235.71,257.5,255.83,265,228.57,240,227.5,206.67,172,237.5,230,271.67,256,260,247.14,257.5,240,201.67,225.71,283.33,267.5,265,352.5,476.25,457.14,658.57,633.33,683.33,521.43,700,641.67,728.57,663.33,787.5,879.17,719.29,685.71,552.14,850,600,450,518.57,480,485.71,482.14,404.17,554.29,521.43,439.29,337.5,414.29,416.43,535.71,403,460.71,383.33,392.86,422.5,416.43,347.86,316,423.33,425,339.29,307.14,437,654.17,341.67,439.29,581.25,440.71,425.71,446,606.67,641.67,500,491.66,579.17,550,535.71,557.14,566.6666667,482.14,529.17,478.57,521.43,535.71,371.57,308.33,307.86,235.71,217.57,225,189.29,204.29,264.29,260.83,400.83,302.14,389.29,383.33,460.71,378.57,362.5,271.67,309.29,372.5,367.86,313,265.83,275,287.14,395.83,390,414.29,485,491.67,378.57,517.86,542.86,531.25,571.43,407.14,445.83,516.67,267.5,277.5,244.17,417.86,366.67,271.43,350,325,303.57,314.29,316.67,370.83,261.43,268.57,400,383.33,400,455,345,407.14,405,380,369.17,335.71,430,350.83,410.71,395.83,320.83,298.33,289.29,345.71,482.14,406,404.17,353.57,318.57,411.37,431.25,525,503.57,450,439.29,532.14
සුද්දා,Threadfin  Bream,434,443,462,434,507,412,449,430,448,442,452,422,388,470,490,498,475,520,,­,­,­,­,570,565,500,487,486,490,366,583.3,493.33,375.71,367,397.14,367.5,339,337.5,309,301.67,371.67,338,412.86,380,391.6666667,,,430,400,526.67,473.33,516.67,458.75,446,400,450,413.33,400,380,410,401.43,426.67,500,530,­,­,600,615,675,­,690,500,700,590,595,574,525,530,383.33,451.67,503,438.33,456.43,458.33,313.57,352.5,365.71,350,361,326,396,401.25,440,600,630,650,575,640,598,­,573.33,502.5,555,350,511.67,525,510,,,,,,,,,,,,,,,,,,,450,490.71,333.33,412.5,492,429.17,396.66,450,438.33,450,,370,370,,370,,333.33,,416.67,465,450,444.29,,,593.33,466.43,494.17, ,430,461,440,,,583.33,675,583.33,,622.5,566.67,570,592.86,625,554.17,557.14,583.33,610,566.67,525,542.86,395,445.83,416.67,450,496.67,457.14,481.43,495,445,445.83,485,557.14,513.33,533.33,565.71,510,650,597.5,556.25,565,538.33,575,558.33,,747.5,712.5,925,762.5,626,650,543.75,650,750,770,800,800,1100,1087.5,975,1080,1175,1083.33,1220,1200,1125,1170.83,1100,1330,1475,1366.67,1075,1108.33,830,914.29,960,825,821.43,807.14,708.33,640,735.71,821.43,660,795.83,890,1000,700,1033.33,983.33,1116.62,1260,1000,917.86,810,880,985,821.43,735.71,940,1100,1120,1016.67,1233.33,1140,1360,1446.67,1312.5,1380,1530,1525,1440,1160,1437.5,1220,1333.33,1175,1050,1200,1116.67,1028.57,910,850,808.33,716.67,628.57,620,589.29,529.17,635.71,550,1033.33,781.25,1080,1100,1180,1033.33,992.86,808.33,971.43,928.57,1000,750,917.86,778.57,966.67,866.67,914.29,800,1079.17,1040,1114.29,1164.29,1142.86,1125,1333.33,1370,1160,1170,1150,1090,950,978.57,835.71,764.29,666.67,853.33,660.71,835.71,690,754.17,642.86,617.86,716.67,592.86,557.14,675,600,612.5,975,762.5,960,792.86,950,895,950,1175,785.71,816.67,729.17,730,837.5,690,728.57,695,866.67,1033.33,1075,1108.33,1183.33,1166.67,1333.33,1000
සූඩයා,White Sardinella,77,69,55,58,70,64,71,120,75,73,70,68,73,76,77,96,99,80,89,118,165,155,143,135,138,160,202,170,182,129,180,150,134.29,116,107,107,83,68,57.5,76.67,75,81.25,86.67,83.75,87.5,,,120,97.5,106,103.75,108.33,98,93,106.25,118.75,99.29,88.33,86.25,112,115,150,­,155,­,160,137.5,160,­,­,175,188.33,170,160,140,136,155,166.67,158,177,184,161,159,143.33,113.57,108,106.67,116,137,162,158.75,131,150,165,144.17,151,163.33,182.5,149,155,122.86,141.25,149.29,200.71,130,145,124,,,,,,,,,,,,,,,,,,,206.67,170.83,138.75,143,141,124,138.33,139,135,134.12,,106,106,,106,200,205,175,237.5,108.33,107,99,,,107.86,91.25,95,92.14,78,88.33,91.67,,,122.5,126.67,116.43,,127,120,117.5,110,166.67,183,143.33,112.5,127,246,163.57,167.5,115,160,112,98,111.67,183,93.33,127.5,130,128.57,89.29,142.5,153,166,128.57,140,129.17,118,154.17,127.5,122.5,118.33,130.71,147.5,186.67,151.43,172.14,168.57,172.5,142.5,118,129,183.33,164.29,206.67,336.67,,270,418.75,380,485,353.57,475.83,445,497.8,440,600,575,542.86,450.71,456.25,662.5,396.43,362.5,343.75,287.5,310,315,270,286.67,302.5,260,206.67,254.09,269.29,304.29,235,312.86,250,305,325.83,329,248.57,257.14,320,364.29,250,208.33,310,380,270,333.33,400,358.33,341.67,395,479.17,466.67,420,310,485,410,400,433.33,516.6666667,398,462.5,341.67,385,408.33,273.33,209.57,271.43,191.67,162.5,150,126,144.29,144.17,190,270,217.14,249.17,290,312.5,242.5,255,215,228,282.86,260,218,209.17,221.67,198.57,297.5,257.5,280,400,370,256,335.71,376.43,308.75,412.5,312.5,311.67,450,196.25,234,212.5,262.5,238.33,218.57,265,250,219.29,208.5,235,255,185.71,197,270,249,287.14,280.83,230,233.33,260,231.25,254.17,213.57,237.14,226,290,239.29,198.57,215,199.17,247.14,365,275,255,235,252.86,349,320.83,418.75,345,293.75,287.5,393.5
හබරලි,Needle fish,388,416,430,422,400,401,421,400,407,400,425,428,425,460,440,450,415,480,496,400,527,562,567,582,498,527,547,520,534,478,573,466.67,422.14,416,410.71,391.67,350,350,296,247,277.86,304.29,283.57,302,345,,,400,400.71,400.71,431,427.14,415,395,426,397,400,442.5,385,525,387.5,446.25,400,470,470,545,537.5,548.57,572.5,601,576,600,566.43,540.71,529,531.67,528.57,553,564.29,581,568.53,541.67,520,486.43,370.71,350.83,360.71,366,422,410,412,452,517.5,558,442.14,465,483.57,497.5,510,572.5,497.14,555,533.33,600,550,523,512,,,,,,,,,,,,,,,,,,,633.33,626,518.33,508.33,600,552.5,591,516,496.66,465.83,,316,316,,316,375,416.67,395,383.33,451.43,450,440,,,478.33,454.29,469,445,430,454.17,445,,,625,633.33,580,,530,550,485.71,500,550,533.33,535.75,541.67,607.14,633.33,620,558.33,567.86,503.33,607.14,587.5,579.17,620,546.67,589.29,600,567.5,520.83,580,603,600,580,508.33,595,625,550,585,567.5,591.67,730,571,675,625,735,662.5,675,656.25,590,875,875,690,650,750,,1016.67,1025,1012.5,1058,858.33,1066.67,1085,1083.33,966.67,1270,1475,1320,1140,1208.57,1240,964.29,975,1016.62,850,790,814.29,645,766.67,707.14,775,690,821.43,895.86,890,804.17,821.43,835.71,964.29,1020,971.43,850,806,916.67,892.86,764.29,764.29,885,1150,925,816.67,1200,1040,1171.43,1250,1200,1300,1285.71,1200,1350,1273.33,1083.33,1335.71,1133.333333,1028.57,1075,1100,1125,1121.43,1000,935.71,900,757.14,710.71,708.33,735.71,650,750,733.33,914.29,857.14,1133.33,1066.67,1020,950,989.29,708.33,920,835.71,1025,775,987.5,808.33,871,816.67,821.43,840,1012.5,1083.33,978.57,1178.57,1035.21,900,1258.33,1207.14,966.67,1025,807.14,953.57,1083.33,921.43,857.14,785.71,950,1007.14,871.43,971.43,812.5,941.67,696.43,700,816.67,710.71,589.29,764.29,783.33,745,975,816.67,940,878.57,950,820,1021.43,966.67,775,770,707.14,807.14,895.83,750,785.71,778.57,870,1060,906.25,1010,1042.86,1075,1180,1150
හාල්මැස්සා,Anchovy,302,278,263,318,300,253,226,­,266,266,248,255,260,320,­,­,­,320,380,­,­,365,­,405,450,250,­,­,263,313,428,312,276.67,252,255,264,248,280,240,230,240,244.29,263.33,­,­,,,­,­,100,­,250,287.5,312.5,283.33,228,252.5,289,252.5,306,335,­,230,400,375,380,,­,357.5,340,­,­,400,­,­,425,­,305,320,315,300,316,324.17,282.5,250,250,254.29,268,247.5,223.33,280,302.5,350,300,356.67,300,­,220,308.33,297,307.14,285,331.25,336,322,350,350,,,,,,,,,,,,,,,,,,,387.5,254,222.5,350,350,,412.5,295,333,326,,155,155,,155,212.5,312.5,316.67,325,,300,245,,,268,270,203.33,226.67,180,196.67,203.33,,,260,366.25,330,,412.5,325,333,280,350,400,325,325,425,500,300,350,275,318.33,412.5,,400,380,270,325,326.67,316,277.5,320,340,276.67,270,260,310,283.33,350,282.5,290,270,341.67,275,275,330,362.5,325,250,310,316.67,356.25,450,380,400,450,600,607.14,705,600,600,516.67,666.67,700,800,675,650,800,,680,612.5,600,483.33,475,500,575,516.67,525,356,400,339.29,412.5,325,400,500,501,353.75,478.57,480,464.29,525,485.71,390,478.57,483.33,475,408.33,395.83,543.75,525,430,500,533.33,591.67,587.5,516.67,630,675,578.57,766.67,754.17,783.33,600,480,500,400,537.5,485.77,468,470,465,400,479.17,396,366.67,321.67,300,362.5,341.67,350,400,350,562.5,450,475,450,350,416.67,466.67,420,450,416.67,454.17,510,510,425,500,400,450,416.67,400,466.67,540,500,600,650,450,633.3,462.5,470,383.33,444,412.5,454.17,583.33,412.5,587.5,600,500,666.67,350,331.25,500,342.86,281.25,366.67,293.75,375,375,333.33,387.5,376.67,300,283.33,375,315,233.33,256.25,295.83,291.67,307.14,279.17,300,335,291.67,304.08,420,550,535,400,400,500
හැඩැල්ලා,Indian Anchovies,838,667,740,845,813,771,839,725,823,680,900,1000,400,847,825,798,557,715,793,654,750,908,730,950,692,629,743,650,734,770,831,654.17,564.29,562.5,574.29,536.67,463,590,556.25,538.33,563.33,570.83,525,825,820,,,725,741.67,818.75,837.5,785.71,796.67,786.43,837.5,730,775,730,850,837.5,750,­,676.67,775,550,390,600,705,850,950,810,785,758.33,783.33,750,814.29,778.57,825,654.29,583.33,676.67,641.67,642.14,721.43,645.83,656.25,720,850,­,825,587.5,783.33,850,1025,1100,1150,1100,1010,1000,850,­,800,900,800,700,1000,856.25,,,,,,,,,,,,,,,,,,,978.57,732.86,733.33,925,750,983.33,971,770,906,863.3,,,,,,,700,725,766.67,900,900,1050,,,916.67,1000,902.5,890,830,565,,,,866.67,1125,910,,1000,900,866.67,676,762.5,775,800,855,837.5,881.25,830,866.67,837.5,837.5,790,866.67,850,850,700,900,1000,1000,883.33,883.33,1000,1050,933.33,1050,1067.67,1030,1000,1068.57,1037.5,985,1016.67,937.5,975,925,1200,1200,975,916.67,1100,1110,1066.67,1033.33,1200,1160,1162.5,1225,1310,1325,,1292.86,1337.5,1325,1350,1217.5,1425,1545.67,1375,1357.14,1453.33,1316.67,1200,1016.67,1270,1066.67,983.33,1085.71,1000,991.67,1021.43,1091.67,1080,1233.33,1260,1542.86,1250,1430,1320,1442.86,1466.67,1185.71,1114.29,1100,1175,1192.86,1057.14,1057.14,1020,1300,900,1300,1333.33,1333.33,1316.67,1460,1530,1725,1514.29,1566.67,1420,1592.86,1200,1416.67,1375,1225,1375,1166.67,1057.14,1050,1166.67,1350,1114.29,1064.29,950,1205,1057.14,1057.14,1242.86,1237.5,1342.86,1371.43,1446.67,1400,1316.67,1480,1266.67,1233.33,1242.84,1200,1428.57,1250,1320,1116.67,1264.29,1275,1228.57,1200,980,1160,1300,1328.57,1316.67,1287.5,1616.67,1207.14,1287.5,1285.71,1230,1478.57,1400,1303.57,1100,1150,1216.67,1178.57,1166.67,1285.71,1300,1160,1135.71,1170.83,1333.33,1300,1179.17,1270,1340,1360,1837.5,1680,1933.33,1735.71,1983.33,1910,1800,1900,1886.67,2010,1685.71,1635.71,1958.33,1850,1620,1500,1320,1800,1750,2150,1541.67,1516.67,1850,1800
හුරුල්ලා,Herrings,325,279,266,290,362,335,306,296.25,295,303,273,296,287,274,290,330,321,285,298,296,422,426,416,420,405,435,450,388,316,321,325,284,281.67,289,255,214.17,190,189.17,156,180,197.14,207.14,215,245,258.3333333,,,296.25,275.83,266.43,270,264.29,288.33,345,346.25,349.29,307.14,292.5,259.17,306.67,282.14,345,380,443,480,425,440,452.5,434,450,450,456,428,395,387,395.71,355,403.75,390,364.17,393,397,398,356.43,322.14,353,362.14,331.67,397.5,340,400,397.5,435,451.67,452,450,450,460,446.67,507.5,503.33,521.25,482.86,531.25,455.83,434,340.83,,,,,,,,,,,,,,,,,,,450,458.57,381.43,296.67,333.33,374,388,387.5,355,371.14,,360,360,,360,380,366.67,366.67,312.5,393.33,420,435,,,472.86,465.71,446,441.43,445.83,447.14,430,,,437.5,585,518.33,,523.33,526.67,454.29,471.43,481.25,490,490,457.17,507.14,541.67,441.67,423.33,388.29,360,403.57,405,480,400,310,351.43,432.5,385.83,407.5,463.33,475,468.33,417.5,430.71,428,441,444.29,465,430.83,448.33,511,480.83,575,606.43,670.83,640,600,437.17,451.67,475,625,600,570,641.67,875,928.57,991.67,950,1014.29,904.17,932.14,830,953.57,825,1018.75,1050,850,1050,839.24,925,821.43,637.86,578.57,541.67,540.71,639.29,595.83,600,512.5,570.83,518.33,653.57,685.77,721.43,643.33,800,735.71,804.17,729.12,729.17,561.43,721.43,716.67,735.71,604.17,571.43,685,785.71,585.71,689.29,887.5,739.29,789.29,921.43,1062.5,1157.14,966.67,1042.86,966.67,917.86,870,725,758.3333333,625,503.75,553.57,610,571.43,471.43,482,511.43,340,325,358.33,389.29,371.43,364.29,455,550,478.57,717.86,720.83,716.67,641.67,575,566.67,739.29,692.86,728.57,591.67,703.57,550,596.43,687.5,546.43,595.83,710.71,656.67,575,778.57,792.86,750,950,889.29,716.67,800,641.67,791.67,683.33,775,700,560.71,640,683.33,621.43,710.71,712.5,891.67,564.29,550,675,887.5,732.14,900,933.33,725,1000,966.68,863.33,733.33,825,940,900,991.67,757.14,675,720,760,900,780,858.33,857.14,871.43,950,800,1020,1008.33,1150,1350,1250
